-- Seed data: ports the Thai mock data so we have a complete demo on first run.
-- IMPORTANT: this runs as the migration-running user (postgres), so RLS is bypassed.
-- For local dev only; production should onboard real users.

-- One demo hatchery owned by no specific user (membership added at runtime).
insert into public.hatcheries (id, name, name_en, location, location_en, registration_no, plan)
values (
  '00000000-0000-0000-0000-00000000aaaa',
  'ฟ้าใส แฮทเชอรี่',
  'Fasai Hatchery',
  'สมุทรสาคร',
  'Samut Sakhon',
  'TH-HATCH-23489',
  'pro'
)
on conflict do nothing;

insert into public.scorecard_settings (hatchery_id) values
  ('00000000-0000-0000-0000-00000000aaaa') on conflict do nothing;
insert into public.notification_settings (hatchery_id) values
  ('00000000-0000-0000-0000-00000000aaaa') on conflict do nothing;

-- Customers
insert into public.customers (id, hatchery_id, name, farm, farm_en, zone, status, ltv, last_buy)
values
  ('11111111-1111-1111-1111-000000000001', '00000000-0000-0000-0000-00000000aaaa', 'สมชาย ใจดี',          'ฟาร์มกุ้งบ้านสวน',   'Bansuan Shrimp Farm', 'สมุทรสาคร',   'active',       184000, '2026-04-12'),
  ('11111111-1111-1111-1111-000000000002', '00000000-0000-0000-0000-00000000aaaa', 'ประยุทธ พงษ์ศรี',     'พงษ์ศรีฟาร์ม',       'Phongsri Farm',       'ฉะเชิงเทรา',   'active',       392000, '2026-04-22'),
  ('11111111-1111-1111-1111-000000000003', '00000000-0000-0000-0000-00000000aaaa', 'มาลี รุ่งเรือง',         'รุ่งเรืองฟาร์ม 2',     'Rungrueang Farm 2',   'สมุทรสงคราม', 'restock-soon',  96000, '2026-03-30'),
  ('11111111-1111-1111-1111-000000000004', '00000000-0000-0000-0000-00000000aaaa', 'อนันต์ สุขสบาย',       'สุขสบายฟาร์ม',       'Suksabai Farm',       'ฉะเชิงเทรา',   'active',       268000, '2026-04-19'),
  ('11111111-1111-1111-1111-000000000005', '00000000-0000-0000-0000-00000000aaaa', 'วิภา ทองสุข',           'ทองสุขฟาร์ม',         'Thongsuk Farm',       'สมุทรสาคร',   'concern',       54000, '2026-04-02'),
  ('11111111-1111-1111-1111-000000000006', '00000000-0000-0000-0000-00000000aaaa', 'ธนากร เกษตรทรัพย์', 'เกษตรทรัพย์ฟาร์ม',   'Kasetsap Farm',       'เพชรบุรี',     'active',       612000, '2026-04-25'),
  ('11111111-1111-1111-1111-000000000007', '00000000-0000-0000-0000-00000000aaaa', 'จันทร์เพ็ญ มั่นคง',     'มั่นคงฟาร์ม',          'Mankhong Farm',       'สมุทรสาคร',   'restock-now',  198000, '2026-04-08'),
  ('11111111-1111-1111-1111-000000000008', '00000000-0000-0000-0000-00000000aaaa', 'พิชัย วงศ์ใหญ่',        'วงศ์ใหญ่ฟาร์ม',        'Wongyai Farm',        'ฉะเชิงเทรา',   'quiet',        142000, '2025-10-04'),
  ('11111111-1111-1111-1111-000000000009', '00000000-0000-0000-0000-00000000aaaa', 'รัชนี โพธิ์ทอง',          'โพธิ์ทองฟาร์ม',         'Phothong Farm',       'สมุทรสงคราม', 'active',       304000, '2026-04-18')
on conflict do nothing;

-- Cycles (current state)
insert into public.customer_cycles (customer_id, cycle_day, expected_harvest, d30, d60, restock_in)
values
  ('11111111-1111-1111-1111-000000000001',  78, '2026-06-09', 84, 79,  14),
  ('11111111-1111-1111-1111-000000000002',  24, '2026-08-04', null, null,  92),
  ('11111111-1111-1111-1111-000000000003',  92, '2026-05-26', 71, 64,   4),
  ('11111111-1111-1111-1111-000000000004',  35, '2026-07-22', 88, null, 78),
  ('11111111-1111-1111-1111-000000000005',  65, '2026-06-22', 42, 38,  38),
  ('11111111-1111-1111-1111-000000000006',   8, '2026-08-20', null, null, 110),
  ('11111111-1111-1111-1111-000000000007', 105, '2026-05-12', 81, 76,   0),
  ('11111111-1111-1111-1111-000000000009',  42, '2026-07-12', 79, null, 70)
on conflict do nothing;

-- Batches
insert into public.batches (id, hatchery_id, source, pl_produced, pl_sold, date, pcr, mean_d30, dist)
values
  ('B-2604-A', '00000000-0000-0000-0000-00000000aaaa', 'CP-Genetics Line A',     2400000, 1820000, '2026-04-22', 'clean',   84, '[1,2,4,7,12,18,24,16,8,3]'::jsonb),
  ('B-2604-B', '00000000-0000-0000-0000-00000000aaaa', 'SyAqua Line 7',          1800000, 1650000, '2026-04-19', 'clean',   79, '[2,3,5,8,14,16,20,15,9,4]'::jsonb),
  ('B-2604-C', '00000000-0000-0000-0000-00000000aaaa', 'CP-Genetics Line A',     2200000, 2200000, '2026-04-12', 'clean',   76, '[3,5,8,12,16,18,15,11,7,3]'::jsonb),
  ('B-2603-D', '00000000-0000-0000-0000-00000000aaaa', 'Shrimp Improvement Sys.',1600000, 1600000, '2026-03-30', 'flagged', 68, '[5,8,11,14,16,15,12,9,6,3]'::jsonb),
  ('B-2603-C', '00000000-0000-0000-0000-00000000aaaa', 'CP-Genetics Line B',     2000000, 2000000, '2026-03-22', 'clean',   82, '[1,3,5,8,12,17,22,17,9,4]'::jsonb)
on conflict do nothing;

-- Alerts
insert into public.alerts (id, hatchery_id, sev, title, description, batch_id, action)
values
  ('22222222-2222-2222-2222-000000000001', '00000000-0000-0000-0000-00000000aaaa', 'high',   'พบ EHP ในล็อต B-2603-D',                     'ฟาร์ม 2 จาก 4 ที่ซื้อล็อตนี้รายงานอัตรารอด < 60% ที่ D30', 'B-2603-D', 'ติดต่อฟาร์มที่เหลือ + ส่ง PCR ใหม่'),
  ('22222222-2222-2222-2222-000000000002', '00000000-0000-0000-0000-00000000aaaa', 'medium', 'อัตรารอด D30 ของ B-2604-C ต่ำกว่าเป้า',    'ค่าเฉลี่ย 76% (เป้า 80%) จาก 7 ฟาร์ม',                'B-2604-C', 'ตรวจสอบสภาพอากาศ + ปริมาณอาหาร'),
  ('22222222-2222-2222-2222-000000000003', '00000000-0000-0000-0000-00000000aaaa', 'low',    'อุณหภูมิน้ำในเขตสมุทรสาครสูงผิดปกติ',       '3 วันติดต่อกัน อาจกระทบล็อตที่กำลังเลี้ยง',                  null,       'แนะนำลดอาหาร 15%')
on conflict do nothing;
